title,by,author,date-read,year
An Officer and a Spy,by,Robert Harris,2019-01-24,2019
Confessions of Felix Krull Confidence Man,by,Thomas Mann,2019-01-10,2019
Thanks for Nothing,by,Jack Dee,2018-12-31,2018
Please Mister Postman,by,Alan Johnson,2018-12-26,2018
The Brooklyn Follies,by,Paul Auster,2018-12-22,2018
Super-Cannes,by,J G Ballard,2018-12-10,2018
A Happy Death,by,Albert Camus,2018-12-02,2018
Wonder Boys,by,Michael Chabon,2018-11-28,2018
Moon Palace,by,Paul Auster,2018-11-19,2018
The Redeemer Harry Hole 6,by,Jo Nesbo,2018-11-10,2018
The Dark Heart,by,Joakim Palmkvist,2018-11-01,2018
The Adulterous Woman,by,Albert Camus,2018-10-12,2018
The Vegetarian,by,Han Kang,2018-10-09,2018
Fool Me Once,by,Harlan Coben,2018-09-28,2018
A Drink Before the War,by,Dennis Lehane,2018-09-22,2018
The Climb The Autobiography,by,Chris Froome,2018-09-15,2018
The High Druids Blade The Defenders of Shannara,by,Terry Brooks,2018-09-02,2018
Two Kinds of Truth,by,Michael Connelly,2018-08-23,2018
Snow Crash,by,Neal Stephenson,2018-08-13,2018
The Racketeer,by,John Grisham,2018-07-30,2018
Holding,by,Graham Norton,2018-07-23,2018
The Devils Star Harry Hole 5,by,Jo Nesbo,2018-07-14,2018
A Moment Of War,by,Laurie Lee,2018-07-04,2018
Men at Arms,by,Terry Pratchett,2018-06-26,2018
Endurance A Year in Space A Life time of Discovery,by,Scott Kelly,2018-06-17,2018
The Last Thing She Ever Did,by,Gregg Olesn,2018-06-07,2018
A Full Life Reflections At Ninety,by,Jimmy Carter,2018-06-08,2018
One Mile Deep,by,Solomon Carter,2018-05-29,2018
Ready Player One,by,Ernest Cline,2018-05-25,2018
As I Walked Out One Summer Morning,by,Laurie Lee,2018-05-16,2018
Out with a Bang,by,Solomon Carter,2018-05-10,2018
The Crow Girl,by,Eric Axl Sund,2018-05-07,2018
Bicycle Diaries,by,David Byrne,2018-04-11,2018
The 13th Valley,by,John M Del Vecchio,2018-04-04,2018
Cider With Rosie,by,Laurie Lee,2018-02-27,2018
End of Watch,by,Stephen King,2018-02-12,2018
Re: Cyclists: 200 Years on Two Wheels,by,Michael Hutchison,2018-01-31,2018
Sleepyhead,by,Mark Billingham,2018-01-14,2018
Get Me the Urgent Biscuits: An Assistantâ€™s Adventures in Theatreland,by,Sweetpea Slight,2017-12-31,2017
Don't Let it Go,by,Harlan Coben,2017-12-29,2017
Sockpuppet,by,Matthew Blakstad,2017-12-24,2017
Love and Other Wounds,by,Jordan Harper,2017-12-10,2017
Home,by,Harlan Coben,2017-12-05,2017
Finders Keepers,by,Stephen King,2017-11-28,2017
Finding Gobi,by,Dion Leonard,2017-11-17,2017
Italian Shoes,by,Henning Mankell,2017-11-01,2017
A Cross To Bear,by,Vince Vogel,2017-11-01,2017
11.22.63,by,Stephen King,2017-10-07,2017
Soho Dead,by,Greg Keen,2017-08-29,2017
Triumphs and Turbulence: My Autobiography,by,Chris Boardman,2017-08-21,2017
Ajax Penumbra: 1969,by,Robin Sloan,2017-08-16,2017
The Truth Will Out,by,Jane Isaac,2017-08-14,2017
Mr Mercedes,by,Stephen King,2017-08-06,2017
Grey Mountian,by,John Grisham,2017-07-26,2017
An Unfamiliar Murder,by,Jane Isaac,2017-07-12,2017
The Doper Next Door,by,Andrew Tilin,2017-07-03,2017
The Poet,by,Michael Connelly,2017-06-21,2017
Barry Sheen 1950 - 2003,by,Stuart Barker,2017-06-10,2017
Stalker,by,Chris Walker,2017-06-03,2017
Cloud Atlas,by,David Mitchell,2017-05-25,2017
Mr Penumbra's 24-hour Bookstore,by,Robin Sloan,2017-05-03,2017
My Own Kind of Freedom,by,Steven Brust,2017-04-25,2017
Little Brother,by,Cory Doctorow,2017-04-23,2017
Digital Fortress,by,Dan Brown,2017-04-15,2017
Worms to Catch,by,Guy Martin,2017-04-15,2017
American Gods,by,Neil Gaiman,2017-04-13,2017
A Brief History of Time,by,Stephen Hawking,2017-03-16,2017
The Hanging Tree,by,Ben Aaronovitch,2017-03-06,2017
Aussie Grit,by,Mark Webber,2017-02-03,2017
Changer,by,Matt Gemmell,2017-01-26,2017
Charlotte Grey,by,Sebastian Faulks,2017-01-11,2017
The Girl who Loved Tom Gordon,by,Stephen King,2016-12-18,2016
The Wrong Side of Goodbye,by,Michael Connelly,2016-12-10,2016
Lords and Ladies,by,Terry Pratchett,2016-12-03,2016
Snap Shot,by,A. J. Quinnell,2016-11-25,2016
The Glass Room,by,Ann Cleeves,2016-11-11,2016
Borderline (Hard Case Crime Novels),by,Lawrence Block,2016-01-08,2016
Northern Lights,by,Philip Pullman,2016-01-19,2016
The Subtle Knife,by,Philip Pullman,2016-01-29,2016
The Amber Spyglass,by,Philip Pullman,2016-02-19,2016
Shift (Wool Trilogy 2),by,Hugh Howey,2016-03-02,2016
The Tummor: A Non-Legal Thriller,by,John Grisham,2016-03-02,2016
A Lesson in Dying,by,Ann Cleeves,2016-03-02,2016
Witches Abroad,by,Terry Pratchett,2016-03-25,2016
The Bone Clocks,by,David Mitchell,2016-04-22,2016
The Blue Ring,by,A. J. Quinnell,2016-05-12,2016
Small Gods,by,Terry Pratchett,2016-06-07,2016
Guy Martin My Autobiography,by,Guy Martin,2016-06-11,2016
A Captian's Duty,by,Richard Phillips,2016-06-18,2016
Dust (Wool Trilogy 3),by,Hugh Howey,2016-06-18,2016
Elantris,by,Brandon Sanderson,2016-07-06,2016
Field of Graves,by,J.T. Ellison,2016-08-15,2016
Seveneves,by,Neal Stephenson,2016-10-18,2016
The Girl With the Deep Blue Eyes,by,Lawrence Block,2016-10-26,2016
The Burglar Who Counted The Spoons,by,Lawrence Block,2015-01-06,2015
No Time For Goodbye,by,Linwood Barclay,2015-01-14,2015
Guards! Guards!: (Discworld Novel 8),by,Terry Pratchett,2015-01-29,2015
The Almond Blossom Appreciation Society (Lemons Trilogy Book 3),by,Chris Stewart,2015-02-01,2015
Bradley Wiggins: My Story,by,Bradley Wiggins,2015-02-01,2015
Telling Tales (Vera Stanhope Book 2),by,Ann Cleeves,2015-02-13,2015
Fathomless Riches: Or How I Went From Pop to Pulpit,by,Richard Coles,2015-02-25,2015
The Poisonwood Bible,by,Barbara Kingsolver,2015-03-26,2015
Live Wire (Myron Bolitar Book 10),by,Harlan Coben,2015-04-03,2015
Eric (Discworld Book 9),by,Terry Pratchett,2015-04-09,2015
The Burning Room (Harry Bosch Book 19),by,Michael Connelly,2015-04-17,2015
The Redbreast: A Harry Hole Thriller (Oslo Sequence 1),by,Jo Nesbo,2015-05-02,2015
To Kill A Mockingbird,by,Harper Lee,2015-05-09,2015
Wise Mans Fear (The Kingkiller Chronicle): 2,by,Patrick Rothfuss,2015-06-01,2015
The Woods,by,Harlan Coben,2015-06-23,2015
Moving Pictures: (Discworld Novel 10),by,Terry Pratchett,2015-06-23,2015
How I Won the Yellow Jumper: Dispatches from the Tour de France,by,Ned Boulting,2015-06-28,2015
Tell No One,by,Harlan Coben,2015-07-02,2015
Shutter Island,by,Dennis Lehane,2015-07-16,2015
Boston Noir (Akashic Noir),by,Dennis Lehane,2015-08-04,2015
Wool (Wool Trilogy 1),by,Hugh Howey,2015-08-24,2015
At Home: A Short History of Private Life,by,Bill Bryson,2015-09-09,2015
Last Days of the Bus Club: From the Author of Driving Over Lemons,by,Chris Stewart,2015-09-09,2015
Hidden Depths (Vera Stanhope Book 3),by,Ann Cleeves,2015-10-09,2015
Reaper Man: (Discworld Novel 11),by,Terry Pratchett,2015-10-17,2015
Nemesis: A Harry Hole Thriller (Oslo Sequence 2),by,Jo Nesbo,2015-11-16,2015
We Were Young and Carefree: The Autobiography of Laurent Fignon,by,Fignon Laurent,2015-12-05,2015
The Crossing (Harry Bosch 20),by,Michael Connelly,2015-12-22,2015
The Stranger,by,Harlan Coben,2015-12-29,2015
Fearless Jones,by,Walter Mosley,2014-01-05,2014
Bloodfire Quest: Number 2 in Series (Dark Legacy of Shannara),by,Terry Brooks,2014-01-28,2014
The Silent Wife ,by,A. S. A. Harrison,2014-02-08,2014
Fear Itself (Fearless Jones Novels),by,Walter Mosley,2014-02-26,2014
Name of The Wind: The Kingkiller Chonicle: Book 1 (Kingkiller Chonicles),by,Patrick Rothfuss,2014-04-19,2014
Fear and Loathing in Las Vegas,by,Hunter S. Thompson,2014-04-25,2014
Switchblade,by,Michael Connelly,2014-04-28,2014
Caught,by,Harlan Coben,2014-05-12,2014
Broken Homes (Rivers of London 4),by,Ben Aaronovitch,2014-06-13,2014
The Crow Trap (Vera Stanhope),by,Ann Cleeves,2014-07-22,2014
The Things They Carried,by,Tim OBrian,2014-07-22,2014
The Last Days of Ptolemy Grey,by,Walter Mosley,2014-08-03,2014
A Parrot in the Pepper Tree: A Sequel to Driving Over Lemons (Lemons Trilogy),by,Chris Stewart,2014-08-09,2014
Promise Me,by,Harlan Coben,2014-08-16,2014
The Blue Demon (Nic Costa 8),by,David Hewson,2014-09-16,2014
Pyramids: (Discworld Novel 7),by,Terry Pratchett,2014-09-26,2014
Long Lost (Myron Bolitar),by,Harlan Coben,2014-10-01,2014
Bad Monkey,by,Carl Hiaasen,2014-10-11,2014
Cockroaches: An Early Harry Hole Case (Harry Hole 2),by,Jo Nesbo,2014-11-01,2014
I Am Pilgrim,by,Terry Hayes,2014-11-29,2014
Foxglove Summer (PC Peter Grant Book Book 5),by,Ben Aaronovitch,2014-12-15,2014
Witch Wraith: Book 3 of The Dark Legacy of Shannara,by,Terry Brooks,2014-12-31,2014
The Black Box (Harry Bosch),by,Michael Connelly,2013-01-06,2013
Bad Blood: The Secret Life of the Tour De France,by,Jeremy Whittle,2013-01-19,2013
The Burglar in the Library,by,Lawrence Block,2013-01-24,2013
Light Fantastic: A Discworld Novel,by,Terry Pratchett,2013-01-29,2013
Unreliable Memoirs: Autobiography (Picador Books),by,Clive James,2013-02-09,2013
Sidetracked: Kurt Wallander,by,Henning Mankell,2013-02-17,2013
The Burglar in the Rye,by,Lawrence Block,2013-02-27,2013
2010: Odyssey Two,by,Arthur C. Clarke,2013-03-07,2013
The Burglar on the Prowl,by,Lawrence Block,2013-03-09,2013
One Step Behind: Kurt Wallander,by,Henning Mankell,2013-03-14,2013
Ubik (Panther Science Fiction),by,Philip K. Dick,2013-03-17,2013
Equal Rights,by,Terry Pratchett,2013-03-24,2013
Firewall: Kurt Wallander,by,Henning Mankell,2013-04-03,2013
Hercule Poirot - The Mysterious Affair at Styles- Murder on the Links- Poirot Investigates,by,Christie Agatha,2013-04-15,2013
The Hobbit,by,J. R. R. Tolkien,2013-05-03,2013
White Bones: 1 (Katie Maguire),by,Graham Masterton,2013-05-22,2013
Mort: (Discworld Novel 4),by,Terry Pratchett,2013-06-05,2013
Obsessive Compulsive Cycling Disorder,by,Dave Barter,2013-06-11,2013
Driving Over Lemons: An Optimist in Andalucia (Lemons Trilogy),by,Chris Stewart,2013-06-14,2013
A Is for Alibi: A Kinsey Millhone Mystery (Kinsey Millhone Mysteries),by,Sue Grafton,2013-06-25,2013
Chronicler Of The Winds,by,Henning Mankell,2013-07-11,2013
Sourcery: (Discworld Novel 5),by,Terry Pratchett,2013-07-28,2013
Star Island,by,Carl Hiaasen,2013-08-12,2013
Wards of Faerie: The Dark Legacy of Shannara,by,Terry Brooks,2013-09-12,2013
The Perfect Kill,by,A. J. Quinnell,2013-09-30,2013
Wyrd Sisters: (Discworld Novel 6),by,Terry Pratchett,2013-10-18,2013
Three Ways to Capsize a Boat: An Optimist Afloat,by,Chris Stewart,2013-10-23,2013
Hunger: Sean Kelly: The Autobiography,by,Sean Kelly,2013-10-29,2013
Island Madness,by,Tim Binding,2013-11-25,2013
Eighty Eight,by,A L McAuley,2013-12-08,2013
The Gods of Guilt (Mickey Haller 5),by,Michael Connelly,2013-12-19,2013
Mulholland Dive: Three Stories (Harry Bosch),by,Michael Connelly,2013-12-23,2013
After London,by,Richard Jefferies,2012-01-20,2012
Suicide Run,by,Michael Connelly,2012-01-24,2012
Angle of Investigation,by,Michael Connelly,2012-01-29,2012
Burglars Cant Be Choosers,by,Lawrence Block,2012-02-09,2012
Girl with the Dragon Tatoo,by,Stieg Larsson,2012-03-14,2012
The Final Detail,by,Harlan Coben,2012-03-24,2012
The Girl Who Played with Fire,by,Stieg Larsson,2012-04-19,2012
The Fifth Woman: An Inspector Wallander Mystery,by,Henning Mankell,2012-05-18,2012
The Burglar Who Studied Spinoza,by,Lawrence Block,2012-05-27,2012
2001: A Space Odyssey,by,Arthur C. Clarke,2012-06-04,2012
The Girl Who Kicked the Hornets Nest,by,Stieg Larsson,2012-06-24,2012
Dantes Numbers (Nic Costa),by,David Hewson,2012-08-01,2012
The Burglar Who Painted Like He Was Mondrian,by,Lawrence Block,2012-08-09,2012
The Burglar in the Closet: A Bernie Rhodenbarr Mystery,by,Lawrence Block,2012-09-21,2012
The Burglar Who Traded Ted Williams,by,Lawrence Block,2012-09-21,2012
The Measure of the Magic: Legends of Shannara: Book Two,by,Terry Brooks,2012-09-21,2012
John Peel: A Tribute to the Much-Loved DJ and Broadcaster,by,Wall Mick,2012-10-02,2012
Moon Over Soho (Rivers of London 2),by,Ben Aaronovitch,2012-10-09,2012
The Drop ,by,Michael Connelly,2012-10-24,2012
The Bat: A Harry Hole Thriller (Harry Hole 1),by,Jo Nesbo,2012-11-06,2012
The Burglar Who Thought He Was Bogart,by,Lawrence Block,2012-11-11,2012
Whispers Under Ground (Rivers of London 3),by,Ben Aaronovitch,2012-11-20,2012
The Colour Of Magic: (Discworld Novel 1) Omnibus (Discworld Novels),by,Terry Pratchett,2012-11-30,2012
The Man Who Smiled (Kurt Wallander),by,Henning Mankell,2012-12-23,2012
White Fang,by,Jack London,2011-01-06,2011
Birdsong,by,Sebastian Faulks,2011-01-31,2011
Unnatural Exposure: A Kay Scarpetta Novel (Dr Kay Scarpetta),by,Patricia Cornwell,2011-02-10,2011
No Second Chance,by,Harlan Coben,2011-02-17,2011
The Basement,by,Stephen Leather,2011-03-05,2011
Travels with Charley: In Search of America,by,John Steinbeck,2011-03-05,2011
The Hacker Crackdown: Law and Disorder on the Electronic Frontier,by,Bruce Sterling,2011-03-27,2011
The 39 Steps,by,John Buchan,2011-04-04,2011
The Great Gatsby (Wordsworth Classics),by,F. Scott Fitzgerald,2011-04-11,2011
Greenmantle,by,John Buchan,2011-05-02,2011
The Seventh Sacrament (Nic Costa),by,David Hewson,2011-06-07,2011
Mr Standfast,by,John Buchan,2011-07-06,2011
Nine Dragons,by,Michael Connelly,2011-07-18,2011
The Reversal,by,Michael Connelly,2011-07-25,2011
Redburn (English Library),by,Herman Melville,2011-08-01,2011
Rivers of London (Rivers of London 1),by,Ben Aaronovitch,2011-09-16,2011
The Garden of Evil (Nic Costa),by,David Hewson,2011-10-11,2011
Racing through The Dark The Rise and Fall of David Millar,by,David Millar,2011-10-14,2011
The Rider,by,Tim Krabbe,2011-10-23,2011
The Scarecrow,by,Michael Connelly,2011-10-26,2011
Blow Fly,by,Patricia Cornwell,2011-11-23,2011
The Grapes of Wrath,by,John Steinbeck,2011-11-24,2011
One False Move,by,Harlan Coben,2011-11-28,2011
The Fifth Witness,by,Michael Connelly,2011-12-13,2011
The Skys Dark Labyrinth,by,Stuart Clark,2011-12-28,2011
The Peachgrowers Almanac,by,Elaine Di Rollo,2010-01-15,2010
Scat (Hardback),by,Carl Hiaasen,2010-01-19,2010
Dead As A Doornail,by,Charlaine Harris,2010-01-24,2010
Step on a Crack,by,James Patterson,2010-01-27,2010
The Interpretation of Murder,by,Jed Rubenfeld,2010-02-13,2010
Meltdown,by,Ben Elton,2010-03-02,2010
The Quickie,by,James Patterson,2010-03-07,2010
Definitely Dead,by,Charlaine Harris,2010-03-16,2010
Trace,by,Patricia Cornwell,2010-03-29,2010
Even Money,by,Dick Francis,2010-04-02,2010
The Villa of Mysteries (Nic Costa),by,David Hewson,2010-04-19,2010
All Together Dead: A True Blood Novel (Sookie Stackhouse Vampire 7),by,Charlaine Harris,2010-05-04,2010
Darkest Fear,by,Harlan Coben,2010-05-11,2010
The Sacred Cut (Nic Costa),by,David Hewson,2010-05-24,2010
Arsene Lupin,by,Maurice Leblanc,2010-05-25,2010
Under the Dome,by,Stephen King,2010-06-15,2010
Dracula (Penguin Classics),by,Bram Stoker,2010-07-15,2010
Breaking the Chain: Drugs and Cycling - The True Story,by,Willy Voet,2010-07-16,2010
A Walk in the Woods,by,Bill Bryson,2010-07-22,2010
Drop Shot,by,Harlan Coben,2010-07-30,2010
Hitlist,by,Lawrence Block,2010-08-17,2010
The Lizards Bite (Nic Costa),by,David Hewson,2010-09-29,2010
Pandaemonium,by,Brookmyre Chris,2010-11-05,2010
Fade Away,by,Harlan Coben,2010-11-14,2010
Presumed Guilty,by,Tess Gerritsen,2010-11-26,2010
Bearers of the Black Staff (Legends of Shannara),by,Terry Brooks,2010-12-29,2010
Back Spin,by,Harlan Coben,2010-12-29,2010
The Ghost,by,Robert Harris,2009-01-07,2009
Heft on Wheels: A Field Guide to Doing a 180,by,Mike Magnuson,2009-01-15,2009
Along Came Dylan: Twos a Crowd When Youve Been Top Dog,by,Stephen Foster,2009-01-24,2009
Delay,by,Tim Krabbe,2009-02-09,2009
Whistleblower,by,Tess Gerritsen,2009-02-21,2009
Deal Breaker (Myron Bolitar Mysteries),by,Harlan Coben,2009-02-28,2009
The White Lioness,by,Henning Mankell,2009-03-24,2009
Man On Fire,by,A. J. Quinnell,2009-03-31,2009
The Even,by,Tammy Moore,2009-04-17,2009
The Burglar on the Prowl,by,Lawrence Block,2009-04-26,2009
Depths,by,Henning Mankell,2009-05-13,2009
So He Takes the Dog,by,Jonathan Buckley,2009-06-03,2009
Shifting Skin (Detective Jon Spicer Thrillers),by,Chris Simms,2009-06-17,2009
The Brass Verdict,by,Michael Connelly,2009-06-25,2009
The Torrents of Spring,by,Ernest Hemingway,2009-07-01,2009
All That Remains,by,Patricia Cornwell,2009-07-19,2009
The Wayward Bus,by,John Steinbeck,2009-08-05,2009
Just One Look,by,Harlan Coben,2009-08-15,2009
An Unsung Hero,by,Michael W. Smith,2009-09-05,2009
A Season for the Dead,by,David Hewson,2009-09-15,2009
Kennedys Brain,by,Henning Mankell,2009-09-25,2009
Loneliness of the Long Distance Runner,by,Alan Sillitoe,2009-10-02,2009
The Invisible Man,by,H G Wells,2009-10-16,2009
The First King of Shannara (Prequel to the Shannara Series),by,Terry Brooks,2009-11-04,2009
The Voyage of the Jerle Shannara: Antrax Bk.2 (The Voyage of the Jerle Shannara),by,Terry Brooks,2009-11-04,2009
Jarka Ruus (High Druid of Shannara S.),by,Terry Brooks,2009-11-04,2009
Chasing the Dime,by,Michael Connelly,2009-11-04,2009
The Black Ice,by,Michael Connelly,2009-11-04,2009
Put Me Back on My Bike: In Search of Tom Simpson,by,William Fotheringham,2009-11-04,2009
Lucky You,by,Carl Hiaasen,2009-11-04,2009
Harry Potter and the Goblet of Fire (Book 4),by,J. K. Rowling,2009-11-04,2009
Sweet Thursday,by,John Steinbeck,2009-11-04,2009
My Name Is Red,by,Orhan Pamuk,2009-12-06,2009
A Princess of Landover,by,Terry Brooks,2009-12-22,2009
The Eyes of the Dragon,by,Stephen King,2009-12-31,2009
The Sinner,by,Tess Gerritsen,2008-01-15,2008
Dead Until Dark: A Sookie Stackhouse Vampire Mystery,by,Charlaine Harris,2008-01-23,2008
Scapegallows,by,Carol Birch,2008-02-11,2008
Living Dead in Dallas: A Sookie Stackhouse Vampire Mystery,by,Charlaine Harris,2008-02-19,2008
The Secret History,by,Donna Tartt,2008-03-11,2008
Club Dead (Southern Vampire Mysteries Book 3),by,Charlaine Harris,2008-03-17,2008
The Full Cupboard of Life (No.1 Ladies Detective Agency),by,Alexander McCall Smith,2008-04-02,2008
Body Double,by,Tess Gerritsen,2008-04-09,2008
In the Company of Cheerful Ladies (No 1 Ladies Detective Agency 6),by,Alexander McCall Smith,2008-04-19,2008
Sex.Com,by,Kieren McCarthy,2008-04-26,2008
The Good Husband of Zebra Drive,by,Alexander McCall Smith,2008-05-02,2008
From Lance to Landis: Inside the American Doping Controversy at the Tour de France,by,David Walsh,2008-05-10,2008
The Man in the High Castle,by,Philip K. Dick,2008-05-24,2008
The Mermaids Singing,by,Val McDermid,2008-06-02,2008
Skinny Dip,by,Carl Hiaasen,2008-06-12,2008
The Memory Game,by,Nicci French,2008-06-29,2008
Nature Girl,by,Carl Hiaasen,2008-07-08,2008
Dark Wraith of Shannara,by,Terry Brooks,2008-07-18,2008
The Real Heroes of Telemark: The True Story of the Secret Mission to Stop Hitlers Atomic Bomb,by,Raymond Mears,2008-07-22,2008
Ulysses,by,James Joyce,2008-07-23,2008
The Chameleons Shadow,by,Minette Walters,2008-08-23,2008
The Rebels,by,Sandor Marai,2008-08-30,2008
Special Topics in Calamity Physics,by,Marisha Pessl,2008-09-19,2008
Hit Parade,by,Lawrence Block,2008-09-26,2008
The Overlook,by,Michael Connelly,2008-09-28,2008
Rook: Swimmer Bk. 5,by,Graham Masterton,2008-10-04,2008
Remainder,by,Tom McCarthy,2008-10-16,2008
Grotesque,by,Natsuo Kirino,2008-11-09,2008
The Road,by,Cormac McCarthy,2008-11-12,2008
Notes from a Big Country,by,Bill Bryson,2008-11-28,2008
Dead To The World: A Sookie Stackhouse Vampire Mystery,by,Charlaine Harris,2008-12-05,2008
The Private Patient. P.D. James (Adam Dalgliesh Mystery),by,P. D. James,2008-12-22,2008
The Memory of Running,by,Ron McLarty,2008-12-30,2008
Angel Fire East (Word & the Void),by,Terry Brooks,2007-01-23,2007
Small Town: A Novel of New York,by,Lawrence Block,2007-02-15,2007
The Winter of Our Discontent,by,John Steinbeck,2007-03-16,2007
The Cell,by,Stephen King,2007-04-05,2007
Death and the Penguin,by,Andreaei Kurkov,2007-04-21,2007
Dead Sleep,by,Greg Iles,2007-05-14,2007
The Kalahari Typing School for Men (No.1 Ladies Detective Agency),by,Alexander McCall Smith,2007-05-27,2007
The Life and Times of the Thunderbolt Kid,by,Bill Bryson,2007-05-31,2007
Dr Bloodmoney (Gollancz S.F.),by,Philip K. Dick,2007-06-06,2007
Under Orders,by,Dick Francis,2007-06-12,2007
Triptych,by,Karin Slaughter,2007-06-21,2007
The Secret of Crickley Hall,by,James Herbert,2007-07-04,2007
The Tenderness of Wolves,by,Stef Penney,2007-07-28,2007
A Spot of Bother,by,Mark Haddon,2007-08-09,2007
Judge and Jury,by,James Patterson,2007-08-16,2007
The Vanishing,by,Tim Krabbe,2007-08-24,2007
Liseys Story,by,Stephen King,2007-09-27,2007
Armageddons Children (Genesis of Shannara),by,Terry Brooks,2007-10-25,2007
The Surgeon,by,Tess Gerritsen,2007-10-25,2007
Murphys Law,by,Colin Bateman,2007-11-05,2007
The Elves of Cintra (Genesis of Shannara),by,Terry Brooks,2007-11-16,2007
The Apprentice,by,Tess Gerritsen,2007-11-29,2007
Echo Park,by,Michael Connelly,2007-12-11,2007
Harry Potter and the Deathly Hallows (Book 7),by,J. K. Rowling,2007-12-28,2007
Killing Johnny Fry,by,Walter Mosley,2007-12-30,2007
Earthsea Quartet (Puffin Books) Book 1,by,Ursula K. Le Guin,2006-02-05,2006
For Whom the Bell Tolls,by,Ernest Hemingway,2006-02-18,2006
Earthsea Quartet (Puffin Books) Book 2,by,Ursula K. Le Guin,2006-03-30,2006
Earthsea Quartet (Puffin Books) Book 3,by,Ursula K. Le Guin,2006-04-17,2006
Earthsea Quartet (Puffin Books) Book 4,by,Ursula K. Le Guin,2006-05-02,2006
The Closers,by,Michael Connelly,2006-05-22,2006
Clear: A Transparent Novel,by,Nicola Barker,2006-06-06,2006
Lets Go Play at the Adams,by,Mendal W. Johnson,2006-06-12,2006
Void Moon,by,Michael Connelly,2006-06-21,2006
The Lincoln Lawyer,by,Michael Connelly,2006-06-28,2006
Sick Puppy,by,Carl Hiaasen,2006-07-16,2006
Walking Ollie,by,Stephen Foster,2006-07-22,2006
Skin Tight Duo,by,Carl Hiaasen,2006-08-08,2006
The Bullet Trick,by,Louise Welsh,2006-08-21,2006
If I Dont Write It Nobody Else Will,by,Eric Sykes,2006-10-10,2006
Traitors Purse,by,Margery Allingham,2006-10-30,2006
Rainbows End,by,Vernor Vinge,2006-12-18,2006
Straken (High Druid of Shannara),by,Terry Brooks,2006-12-31,2006
The Burglar Who Liked to Quote Kipling,by,Lawrence Block,2007-01-13,2007
The No.1 Ladies Detective Agency (No.1 Ladies Detective Agency),by,Alexander McCall Smith,2005-01-18,2005
The Know,by,Martina Cole,2005-01-27,2005
Running With Scissors,by,Augusten Burroughs,2005-02-13,2005
The Big Bad Wolf,by,James Patterson,2005-02-20,2005
Life of PI,by,Martel Yann,2005-03-02,2005
Native Tongue,by,Carl Hiaasen,2005-03-03,2005
Broken Music: Memoirs,by,Sting,2005-03-31,2005
The Narrows,by,Michael Connelly,2005-04-09,2005
The Oxford Murders,by,Guillermo Martinez,2005-04-26,2005
Morality for Beautiful Girls (No.1 Ladies Detective Agency),by,Alexander McCall Smith,2005-05-04,2005
Harry Potter and the Order of the Phoenix (Book 5),by,J. K. Rowling,2005-05-27,2005
Tanequil (High Druid of Shannara),by,Terry Brooks,2005-06-10,2005
How to Be a Bad Birdwatcher,by,Barnes Simon,2005-06-21,2005
Tears of the Giraffe (No.1 Ladies Detective Agency),by,Alexander McCall Smith,2005-06-30,2005
Visits from the Drowned Girl,by,Steven Sherrill,2005-07-10,2005
Letter from America: 1946-2004,by,Alistair Cooke,2005-09-04,2005
A Farewell to Arms,by,Ernest Hemingway,2005-09-13,2005
Harry Potter and the Half-Blood Prince (Harry Potter 6),by,J. K. Rowling,2005-09-28,2005
Watchman,by,Ian Rankin,2005-10-05,2005
Tourist Season,by,Carl Hiaasen,2005-10-16,2005
What If I Had Never Tried It,by,Valentino Rossi,2005-11-08,2005
The Graft,by,Cole Martina,2005-11-28,2005
Past Mortem,by,Ben Elton,2005-12-10,2005
44 Scotland Street,by,Alexander McCall Smith,2005-12-29,2005
4th July,by,James Patterson,2005-12-31,2005
